What is the primary practical advantage of the secant method over Newton's method?,It does not require the computation of the derivative $f'$.
Why is the secant method preferred when $f$ is provided as the output of another numerical procedure?,"In such cases, the analytical formula for the derivative $f'$ is often unknown or unavailable."
How many initial values are required to begin the secant method iteration?,"The method requires two different initial values, $p_0$ and $p_1$."
"Geometrically, the secant method replaces the nonlinear function with a line connecting which two points?","It uses a secant line connecting $(p_{k-1}, f(p_{k-1}))$ and $(p_k, f(p_k))$."
"What is the equation of the secant line connecting points $(p_0, f(p_0))$ and $(p_1, f(p_1))$?",$y = f(p_1) + \frac{f(p_1) - f(p_0)}{p_1 - p_0}(x - p_1)$
How is the next term $p_2$ determined from the secant line equation?,It is the $x$-coordinate where the secant line intersects the $x$-axis.
Write the general recursion formula for the secant method used to find $p_{k+1}$.,$p_{k+1} = p_k - \frac{p_k - p_{k-1}}{f(p_k) - f(p_{k-1})} f(p_k)$
Why is the secant method categorized as a 'two-step iteration'?,"The calculation of the next term $p_{k+1}$ depends on the two previous terms, $p_k$ and $p_{k-1}$."
How does the convergence speed of the secant method generally compare to Newton's method?,The secant method typically converges to the limit slower than Newton's method.
"In Example 2.25, for the function $f(x) = e^x - 2\cos x$ and $TOL = 10^{-5}$, how many iterations were needed to reach the root?",The method required 7 iterations to satisfy the tolerance.
What condition on the function $f$ is required for the local convergence theorem (Theorem 2.26) of the secant method?,"The function must be twice continuously differentiable, $f \in C^2[a,b]$."
"According to Theorem 2.26, what condition must the root $p$ satisfy for local convergence?",The function value $f(p)$ must be zero and the derivative $f'(p)$ must be non-zero.
Provide the error relation formula for $p_{k+1} - p$ established in Theorem 2.26.,$p_{k+1} - p = \frac{1}{2}\frac{f''(\xi_k)}{f'(\eta_k)}(p_k - p)(p_{k-1} - p)$
"In the error formula for the secant method, where is the value $\eta_k$ located?","The value $\eta_k$ lies in the interval $\langle p_k, p_{k-1} \rangle$."
"In the error formula for the secant method, where is the value $\xi_k$ located?","The value $\xi_k$ lies in the interval $\langle p_k, p_{k-1}, p \rangle$."
Which theorem is used in the proof of Theorem 2.26 to express the first-order difference quotient as $f'(\eta_k)$?,The Lagrange Mean Value Theorem.
The expression $\frac{\frac{f(p_k) - f(p)}{p_k - p} - \frac{f(p_{k-1}) - f(p)}{p_{k-1} - p}}{p_k - p_{k-1}}$ is known as what mathematical construct?,"The second divided difference of $f$ corresponding to points $p_{k-1}, p,$ and $p_k$."
"According to Corollary 6.17, a second divided difference $f[p_{k-1}, p, p_k]$ is equal to which derivative expression?","$f[p_{k-1}, p, p_k] = \frac{f''(\xi_k)}{2}$"
"In the proof of Theorem 2.27, how is the constant $M$ defined to bound the error?","$M := \frac{\max\{|f''(x)|\}}{2\min\{|f'(x)|\}}$ over a specified interval $[p - \delta^*, p + \delta^*]$."
What inequality relates the errors of three consecutive steps in the secant method proof?,$M|p_{k+1} - p| \leq M|p_k - p|M|p_{k-1} - p|$
Which integer sequence is utilized to bound the powers of $\varepsilon$ in the convergence proof of the secant method?,The Fibonacci sequence.
What are the recurrence relation and initial conditions for the sequence $q_k$ in the secant method proof?,"$q_{k+1} = q_k + q_{k-1}$ for $k \geq 1$, with $q_0 = 1$ and $q_1 = 1$."
State the general formula for the $k$-th term of the Fibonacci sequence $q_k$.,$q_k = \frac{1}{\sqrt{5}}(r_0^{k+1} - r_1^{k+1})$
What is the approximate value of the constant $r_0$ in the Fibonacci formula used for the secant method?,$r_0 = \frac{1 + \sqrt{5}}{2} \approx 1.618$
What is the approximate value of the constant $r_1$ in the Fibonacci formula used for the secant method?,$r_1 = \frac{1 - \sqrt{5}}{2} \approx -0.618$
Why does $p_k \to p$ imply convergence in the final steps of the proof of Theorem 2.27?,Because the upper bound $\frac{1}{M}\varepsilon^{q_k}$ approaches zero as $q_k \to \infty$.
How can the secant method's denominator be interpreted in relation to Newton's method?,The expression $\frac{f(p_k) - f(p_{k-1})}{p_k - p_{k-1}}$ serves as an approximation of the derivative $f'(p_k)$.
The secant method is considered a 'one-step' or 'fixed point' iteration: True or False?,"False, it is a two-step iteration and not a fixed point iteration."
How does the secant method compare to the bisection method in terms of convergence speed?,The secant method converges faster than the bisection method.
What is the typical stopping criterion for the secant method in numerical exercises?,The iteration stops when the distance between two consecutive terms $|p_k - p_{k-1}|$ is less than a given tolerance.
"In the definition of $M$, what condition on $f'(x)$ must hold for all $x$ in the interval $[p - \delta^*, p + \delta^*]$?",The derivative $f'(x)$ must be non-zero.
What is the significance of the fact that $q_k \to \infty$ in the convergence proof?,"It ensures that the error bound $\varepsilon^{q_k}$ tends to zero, proving the sequence $p_k$ converges to $p$."
"Exercise 2 suggests that the second divided difference $f[a,b,c]$ is independent of what?","It is independent of the order of the numbers $a, b,$ and $c$."
How does the secant method's reliance on 'approximate derivatives' explain its speed relative to Newton's method?,Using an approximation rather than the exact derivative value leads to a slightly slower convergence rate.
Formula: Secant line intersection with the $x$-axis.,$x = p_1 - \frac{p_1 - p_0}{f(p_1) - f(p_0)} f(p_1)$
Term: Szelőmódszer,Definition: The Hungarian term for the Secant Method.
Under what condition is $\varepsilon = M\delta$ guaranteed to be between 0 and 1 in the convergence proof?,When $\delta$ is selected such that $\delta < \frac{1}{M}$.
"In the secant method, if the function $f$ is linear, how many iterations are needed to find the root?",The root would be found in exactly one iteration step ($p_2$).
"What is the relationship between the term $f[p_{k-1}, p, p_k]$ and the error term of the secant method?",It represents the numerator's structure in the algebraic manipulation of the error $p_{k+1} - p$.
"If the computation of $f'$ is extremely expensive, which method is more practical: Newton or Secant?",The Secant Method is more practical.