What is the Latin name for the Method of False Position?,Regula Falsi
Which root-finding method uses the intersection of a secant line and the $x$-axis to find the next approximation?,Method of False Position (Húrmódszer)
"What are the two primary initial conditions for the function $f$ in the Method of False Position on interval $[a, b]$?",$f$ must be continuous and $f(a)f(b) < 0$.
"In the Method of False Position, $p_k$ represents the intersection of the $x$-axis and the \_\_\_\_\_ through $(a_k, f(a_k))$ and $(b_k, f(b_k))$.",secant line (chord)
Provide the formula for calculating the $k$-th approximation $p_k$ in the Method of False Position.,$p_k = a_k - f(a_k) \frac{a_k - b_k}{f(a_k) - f(b_k)}$
"How is the next interval $[a_{k+1}, b_{k+1}]$ determined after finding $p_k$?","By selecting the subinterval ($[a_k, p_k]$ or $[p_k, b_k]$) where the function changes sign."
What is the main advantage of the Method of False Position over the Bisection Method?,It accounts for the shape of the function when selecting the next point.
Why is the Bisection Method sometimes preferred over the Method of False Position regarding step estimation?,The number of steps to reach a specific accuracy can be calculated in advance.
Which programming check is essential when implementing the formula for $p_k$ to avoid a runtime error?,Ensuring $f(a_k)$ is not equal to $f(b_k)$ to prevent division by zero.
"According to Theorem 2.19, what specific function properties on $[a, b]$ guarantee the convergence of the Method of False Position?",Convexity or concavity.
"If a continuous function $f$ is convex or concave and $f(a)f(b) < 0$, what can be said about its root $p$?",The root $p$ is unique.
"In the proof for a convex function where $f(a) > 0$ and $f(b) < 0$, what happens to the left endpoint $a_{k+1}$ in every step?",It remains fixed ($a_{k+1} = a$).
"In the proof for a convex function where $f(a) > 0$ and $f(b) < 0$, what happens to the right endpoint $b_{k+1}$?",It is updated to the current approximation $p_k$.
"If $f$ is convex, $f(a) > 0$, and $f(b) < 0$, what is the monotonic behavior of the sequence $p_k$?",It is monotonically decreasing.
"If $f$ is convex, $f(a) < 0$, and $f(b) > 0$, what is the monotonic behavior of the sequence $p_k$?",It is monotonically increasing.
"In the convergence proof, what does the limit equation $p = a - f(a) \frac{a - p}{f(a) - f(p)}$ imply about $f(p)$?",$f(p) = 0$
"How many steps did the Method of False Position take to solve $e^x - 2\cos x = 0$ on $[0, 1]$ with $TOL = 10^{-5}$?",8 steps
"In Example 2.21, why does the Method of False Position converge much slower on $[0, 4]$ than on $[0, 1]$?","The function value at $x=4$ is much larger than at $x=0$, placing $p_k$ far from the root."
"How many steps did the Method of False Position require for $f(x) = e^x - 2\cos x$ on the interval $[0, 4]$ to reach $10^{-5}$ accuracy?",51 steps
"What is the calculated number of steps the Bisection Method requires for the interval $[0, 4]$ and $TOL = 10^{-5}$?",18 steps
Formula: Required steps ($n$) for the Bisection Method given interval length $L$ and tolerance $TOL$.,$n > \log_2(L/TOL) - 1$
What happens to the convergence speed of the Method of False Position as the right endpoint of the interval in Example 2.21 is further increased?,The convergence becomes even slower.
Why is the Method of False Position considered a 'nested interval' method?,"Each iteration produces a new, smaller interval that contains the root."
What geometric feature of the function graph does the Bisection Method ignore that the Method of False Position utilizes?,The slope or 'shape' of the function.
True or False: The Method of False Position is always faster than the Bisection Method.,False
"In the piecewise function exercise, the value of $f(x)$ for $x \leq 0.5$ is defined by the parameter \_\_\_\_\_.",$\delta$
Concept: $p_k$ derivation,"Definition: $p_k$ is the $x$-intercept of the line passing through $(a_k, f(a_k))$ and $(b_k, f(b_k))$."
What is the Hungarian term for the Method of False Position?,Húrmódszer
"In the video transcript, what reason is given for assuming convexity or concavity in the convergence theorem?",It ensures the uniqueness of the root and simplifies the proof.
"Under the conditions $f(a) > 0, f(b) < 0$ and $f$ being convex, what is the sign of $f(p_k)$ for all $k$?",Negative ($f(p_k) < 0$)
Which method should a programmer switch to if the Method of False Position is observed to be too slow in a specific numerical application?,A different method (such as the Bisection Method).
"If $f(p_k) = 0$ during the iteration process, what action is taken?",The iteration stops because the exact root has been found.
Term: Secant Line (Húr),"Definition: A line segment connecting two points on a curve. Example: The line connecting $(a, f(a))$ and $(b, f(b))$."
"In Example 2.21, the Bisection Method is \_\_\_\_\_ steps longer on $[0, 4]$ than it was on $[0, 1]$.",two
What is the primary risk of using the Method of False Position on a function that is neither convex nor concave?,"The proof of convergence provided in Theorem 2.19 may not apply, making it much more complicated."
"In the limit equation for the convex case, why is $p$ strictly greater than $a$?","Because $f(a) > 0$ and $f(p) = 0$, and $f$ is continuous."
"What is the value of $f(p_0)$ for $f(x) = e^x - 2\cos x$ on $[0, 1]$?",$-3.9698e-01$
"The Method of False Position sequence $p_k$ is guaranteed to converge to the root $p$ if $f \in C[a, b]$ and $f$ is \_\_\_\_\_ on the interval.",convex or concave
"In the Hungarian slide 37, $p_k$ is defined as the metszéspont (intersection) of the húr (chord) and the \_\_\_\_\_.",$x$-tengely ($x$-axis)
What happens if $f(a_k)$ and $f(p_k)$ have opposite signs?,"The next interval $[a_{k+1}, b_{k+1}]$ is set to $[a_k, p_k]$."
What happens if $f(p_k)$ and $f(b_k)$ have opposite signs?,"The next interval $[a_{k+1}, b_{k+1}]$ is set to $[p_k, b_k]$."
How does the Method of False Position behave if one endpoint of the function is very far from the $x$-axis compared to the other?,Convergence becomes very slow as the secant intersection stays near the closer endpoint.
"In the iterative formula, if $f(a_k)$ and $f(b_k)$ are very close in value, what numerical issue might occur?","Division by a value near zero, leading to potential instability or error."
"True or False: The sequence of intervals $[a_k, b_k]$ in the Regula Falsi method is always nested.",True
The Method of False Position is described in the text as Algorithm \_\_\_\_\_.,2.18
What is the purpose of the $TOL$ parameter in root-finding algorithms?,It defines the tolerance or maximum allowable error for the approximation.
"If $f(x) = e^x - 2\cos x$, what is the sign of $f(0)$?",Negative ($1 - 2 = -1$)
"If $f(x) = e^x - 2\cos x$, what is the sign of $f(1)$?",Positive ($e^1 - 2\cos(1) \approx 2.718 - 1.08 > 0$)
"In Table 2.4, what is the value of $p_0$ for the interval $[0, 4]$?",$0.07029205$
"In the proof of Theorem 2.19, what property of $p_k$ allows us to say it converges to a limit $p$?",It is a monotonic and bounded sequence.
"Formula: Equation of the secant line passing through $(a, f(a))$ and $(b, f(b))$.",$y - f(a) = \frac{f(a) - f(b)}{a - b}(x - a)$
"In the Hungarian text, what should the program do if $f(a) = f(b)$?",Give a warning message and terminate the program safely.
"In Example 2.20, how does the accuracy of $p_8$ compare to the required $TOL$? ",It is better (more precise) than $10^{-5}$.
How does the Method of False Position select the dividing point $p_k$ differently than the Bisection Method?,It uses a weighted average based on function values instead of the simple arithmetic mean.