What matrix equation defines the inverse $\mathbf{A}^{-1}$ of a nonsingular square matrix $\mathbf{A}$?,$\mathbf{A}\mathbf{A}^{-1} = \mathbf{I}$
Matrix inversion is computationally equivalent to solving which type of linear system?,A simultaneous linear system
"In the simultaneous linear system used to find $\mathbf{A}^{-1}$, what matrix serves as the right-hand side?",The identity matrix $\mathbf{I}$
Which elimination method is primarily used in the source material to compute the matrix inverse?,Gauss-Jordan elimination
What is the general complexity of Gauss-Jordan elimination for matrix inversion in terms of multiplications and divisions?,$\frac{3}{2}n^3 + \mathcal{O}(n^2)$
What is the general complexity of Gauss-Jordan elimination for matrix inversion in terms of additions and subtractions?,$\frac{3}{2}n^3 + \mathcal{O}(n^2)$
"According to Exercise 5, what is the exact number of multiplications and divisions required for matrix inversion using Gauss-Jordan elimination?",$3n^3/2 - n/2$
"If an optimized algorithm avoids multiplications by zero in the identity matrix, how many multiplications and divisions does matrix inversion require?",$n^3$
What is the operation count for additions and subtractions in an optimized Gauss-Jordan matrix inversion algorithm?,$n^3 - 2n^2 + n$
Why is it possible to reduce the operation count to $n^3$ when inverting a matrix using the equation $\mathbf{A}\mathbf{X} = \mathbf{I}$?,"Because the identity matrix $\mathbf{I}$ contains many zeros, making certain multiplications unnecessary."
What is the purpose of using pivoting techniques with Gauss-Jordan elimination during matrix inversion?,To reduce rounding errors or avoid division by zero.
Under what condition can Gaussian elimination with pivoting be performed?,$\det(\mathbf{A}) \neq 0$
What is the relationship between $\det(\mathbf{A})$ and the determinant of the matrix after elimination $\det(\mathbf{A}^{(n-1)})$?,$\det(\mathbf{A}) = (-1)^s \det(\mathbf{A}^{(n-1)})$
"In the formula $\det(\mathbf{A}) = (-1)^s \det(\mathbf{A}^{(n-1)})$, what does the variable $s$ represent?",The number of row changes (swaps) performed during elimination.
How is the determinant calculated using the pivot elements after Gaussian elimination?,$\det(\mathbf{A}) = (-1)^s a_{11}a_{22}^{(1)}\cdots a_{nn}^{(n-1)}$
"If the number of row changes in Gaussian elimination is even, what is the relationship between the original determinant and the product of the pivots?",They are equal.
"If the number of row changes in Gaussian elimination is odd, how does the original determinant relate to the product of the pivots?",The determinant is the negative of the product of the pivots.
What structure is used as the starting point for Gauss-Jordan matrix inversion?,An augmented matrix $(\mathbf{A}|\mathbf{I})$
"During Gauss-Jordan inversion, once the left side of the augmented matrix becomes $\mathbf{I}$, what does the right side represent?",The inverse matrix $\mathbf{A}^{-1}$
What is the inverse of the matrix $\mathbf{A} = \begin{pmatrix} 1 & 0 & 2 \\ -1 & 1 & 0 \\ -2 & 0 & -1 \end{pmatrix}$?,$\frac{1}{3}\begin{pmatrix} -1 & 0 & -2 \\ -1 & 3 & -2 \\ 2 & 0 & 1 \end{pmatrix}$
"In Example 3.39, what were the diagonal elements (pivots) of the matrix after Gaussian elimination?","$1, 3, 1, 38$"
What is the determinant of the matrix $\mathbf{A} = \begin{pmatrix} 1 & -2 & -2 & -2 \\ 2 & -1 & 2 & 4 \\ -1 & 2 & 3 & -4 \\ -2 & 1 & 4 & -2 \end{pmatrix}$?,$114$
"True or False: If a solution $\mathbf{X}$ exists for $\mathbf{A}\mathbf{X} = \mathbf{I}$, then $\mathbf{X}\mathbf{A} = \mathbf{I}$ also holds.",True
Term: Nonsingular Matrix,"Definition: A square matrix that has an inverse, which is true if and only if its determinant is non-zero."
Concept: Simultaneous Linear System,Definition: A set of linear systems that share the same coefficient matrix $\mathbf{A}$ but have different right-hand side vectors.
"In the Gauss-Jordan process, what is the goal of the 'elimination step' relative to the diagonal?",To make all numbers above and below the diagonal equal to zero.
"In the Gauss-Jordan process, what is the final step for each row to ensure the coefficient matrix becomes the identity matrix?",Divide the row by the value of the diagonal (pivot) element to make it equal to $1$.
Which property of the determinant allows it to be calculated as the product of the diagonal elements of an upper triangular matrix?,The determinant of an upper triangular matrix is the product of its main diagonal entries.
"If no row changes occur during Gaussian elimination, how is $\det(\mathbf{A})$ related to the pivot elements?",It is exactly the product of the pivot elements.
What numerical benefit does pivoting provide when a diagonal element is very small?,It reduces rounding errors that occur when dividing by small numbers.
What is the result of applying $\mathbf{A}\mathbf{A}^{-1}$?,The identity matrix $\mathbf{I}$
The augmented matrix used for inversion is $(\mathbf{A}|\mathbf{I})$. What is the final form of this matrix after successful Gauss-Jordan elimination?,$(\mathbf{I}|\mathbf{A}^{-1})$
What specific matrix type is produced at the end of standard Gaussian elimination (before the Jordan steps)?,An upper triangular matrix
How many multiplications/divisions are needed to invert a $10 \times 10$ matrix using the optimized algorithm mentioned in Exercise 6?,$1000$ (since $n^3 = 10^3$)
Formula: Determinant using pivots,$\det(\mathbf{A}) = (-1)^s \prod_{i=1}^{n} a_{ii}^{(i-1)}$
Why is Gaussian elimination with pivoting preferred over simple Gaussian elimination for computer implementations?,To ensure numerical stability and avoid failures due to zero pivots.
"In the $3 \times 3$ inversion example, what was the pivot value in the third row after eliminating the first two columns?",$3$
"If a square matrix $\mathbf{A}$ has a determinant of $0$, what can be said about its inverse $\mathbf{A}^{-1}$?",The inverse does not exist.
How does swapping two rows in a matrix affect the value of its determinant?,It multiplies the determinant by $-1$.
Cloze: The number of operations needed for matrix inversion is roughly proportional to $n$ to the power of \_\_\_\_\_.,$3$
"Cloze: To find the inverse of $\mathbf{A}$, one can solve the equation $\mathbf{A}\mathbf{X} = \mathbf{I}$ using the \_\_\_\_\_ method.",Gauss-Jordan
"In the context of the source material, what is the meaning of a 'nonsingular' matrix?",A matrix for which the determinant is not zero.
"In the $4 \times 4$ determinant example, why was the sign factor $(-1)^s$ equal to $1$?",Because the Gaussian elimination was performed without any row changes ($s=0$).
What matrix dimension was the coefficient matrix in Example 3.39?,$4 \times 4$
How does the Gauss-Jordan method differ from Gaussian elimination in its final result for the coefficient matrix?,"Gauss-Jordan produces an identity matrix, whereas Gaussian elimination produces an upper triangular matrix."
What is the identity matrix $\mathbf{I}$ defined as in the context of matrix inversion?,A square matrix with ones on the main diagonal and zeros elsewhere.
"Which operation is performed first in the Gauss-Jordan example to eliminate the $-1$ in the second row, first column?",Adding the first row to the second row ($R2 \leftarrow R2 + R1$).
"Which operation is performed to eliminate the $-2$ in the third row, first column of the $3 \times 3$ example?",Adding twice the first row to the third row ($R3 \leftarrow R3 + 2R1$).
"In the final step of the $3 \times 3$ inversion example, the third row $(0, 0, 3 | 2, 0, 1)$ was divided by what value?",$3$
What is the common factor factored out from the resulting matrix in the inverse example?,$\frac{1}{3}$
Cloze: The Gaussian elimination with pivoting can be performed if and only if $\det(\mathbf{A})$ is \_\_\_\_\_.,Non-zero
Why is multiplication by zero not computed in specialized matrix inversion algorithms?,To improve efficiency and reduce the total number of operations.
"In the transcript, what is described as the 'most efficient way' to compute the inverse in terms of operations?",Organizing Gauss-Jordan elimination using an augmented matrix $(\mathbf{A}|\mathbf{I})$.
"According to the transcript, how do we determine the sign of the determinant relative to the product of pivots?",By checking if the number of row changes was even (same sign) or odd (opposite sign).
What is the determinant of a matrix where one of the pivot elements becomes zero during elimination and no further pivoting can move a non-zero element into that position?,Zero