"In Quasi-Newton methods, the function $f$ is approximated near $\mathbf{p}^{(k)}$ by what type of function?",A quadratic function $g(\mathbf{x})$.
Formula: Quadratic approximation $g(\mathbf{x})$ used in Quasi-Newton methods,$g(\mathbf{x}) := f(\mathbf{p}^{(k)}) + (\mathbf{v}^{(k)})^T (\mathbf{x} - \mathbf{p}^{(k)}) + \frac{1}{2}(\mathbf{x} - \mathbf{p}^{(k)})^T \mathbf{A}^{(k)}(\mathbf{x} - \mathbf{p}^{(k)})$
"In the quadratic approximation for Quasi-Newton methods, what do $\mathbf{v}^{(k)}$ and $\mathbf{A}^{(k)}$ typically represent?",Approximations of the gradient $f'(\mathbf{p}^{(k)})$ and the Hessian $f''(\mathbf{p}^{(k)})$.
"If $\mathbf{A}^{(k)}$ is positive definite, what is the formula for the minimum point $\mathbf{p}^{(k+1)}$ of the quadratic approximation $g(\mathbf{x})$?",$\mathbf{p}^{(k+1)} = \mathbf{p}^{(k)} - (\mathbf{A}^{(k)})^{-1} \mathbf{v}^{(k)}$
What is the order of magnitude for function evaluations required per iteration when using numerical difference approximations for both the gradient and Hessian?,$n^2$ function evaluations.
Formula: First-order forward difference approximation for the $i$-th component of the gradient $v_i^{(k)}$,$v_i^{(k)} = \frac{1}{h}(f(\mathbf{p}^{(k)} + h\mathbf{e}^{(i)}) - f(\mathbf{p}^{(k)}))$
The standard Quasi-Newton method for minimization assumes the exact value of which vector is available?,The gradient vector $f'(\mathbf{p}^{(k)})$.
"In Quasi-Newton iterations, how is the step vector $\mathbf{s}^{(k)}$ defined relative to the current point $\mathbf{p}^{(k)}$?",$\mathbf{s}^{(k)} = \mathbf{p}^{(k+1)} - \mathbf{p}^{(k)}$
Formula: Definition of the gradient change vector $\mathbf{y}^{(k)}$,$\mathbf{y}^{(k)} = f'(\mathbf{p}^{(k+1)}) - f'(\mathbf{p}^{(k)})$
What equation must the updated Hessian approximation $\mathbf{A}^{(k+1)}$ satisfy to be consistent with the gradient change?,The secant equation: $\mathbf{A}^{(k+1)}\mathbf{s}^{(k)} = \mathbf{y}^{(k)}$.
Formula: Broyden's method update for the matrix $\mathbf{A}^{(k+1)}$,$\mathbf{A}^{(k+1)} = \mathbf{A}^{(k)} + \frac{(\mathbf{y}^{(k)} - \mathbf{A}^{(k)}\mathbf{s}^{(k)})(\mathbf{s}^{(k)})^T}{\|\mathbf{s}^{(k)}\|_2^2}$
What are the two main theoretical drawbacks of using the standard Broyden's method for function minimization?,The generated matrices are generally not symmetric and not necessarily positive definite.
Concept: Closest symmetric matrix,The unique symmetric matrix closest to a matrix $\mathbf{A}$ in the Frobenius norm is $\frac{1}{2}(\mathbf{A} + \mathbf{A}^T)$.
What is the full name of the 'PSB update' in Quasi-Newton methods?,Powell-Symmetric-Broyden update.
The PSB update is derived by iteratively enforcing which two properties?,Symmetry and the secant equation.
Formula: PSB update for the Hessian approximation $\mathbf{A}^{(k+1)}$,$\mathbf{A}^{(k+1)} = \mathbf{A}^{(k)} + \frac{(\mathbf{y}^{(k)} - \mathbf{A}^{(k)}\mathbf{s}^{(k)})(\mathbf{s}^{(k)})^T + \mathbf{s}^{(k)}(\mathbf{y}^{(k)} - \mathbf{A}^{(k)}\mathbf{s}^{(k)})^T}{\|\mathbf{s}^{(k)}\|_2^2} - \frac{(\mathbf{y}^{(k)} - \mathbf{A}^{(k)}\mathbf{s}^{(k)})^T \mathbf{s}^{(k)}}{\|\mathbf{s}^{(k)}\|_2^4} \mathbf{s}^{(k)}(\mathbf{s}^{(k)})^T$
"According to Theorem 8.17, what is the convergence rate of the PSB update near a local minimum with a positive definite Hessian?",Superlinear convergence.
What property does the PSB update lack that is often critical for efficient minimization?,It does not guarantee that $\mathbf{A}^{(k)}$ remains positive definite.
Concept: Positive Definite Matrix Construction,A matrix $\mathbf{A}$ is positive definite if it can be written as $\mathbf{M}\mathbf{M}^T$ where $\mathbf{M}$ is non-singular.
"If $\mathbf{A}^{(k+1)}$ is positive definite and satisfies the secant equation, what inequality must hold between $\mathbf{y}^{(k)}$ and $\mathbf{s}^{(k)}$?",$(\mathbf{y}^{(k)})^T \mathbf{s}^{(k)} > 0$
The BFGS update is named after which four researchers?,"Broyden, Fletcher, Goldfarb, and Shanno."
Formula: BFGS update for the Hessian approximation $\mathbf{A}^{(k+1)}$,$\mathbf{A}^{(k+1)} = \mathbf{A}^{(k)} + \frac{\mathbf{y}^{(k)}(\mathbf{y}^{(k)})^T}{(\mathbf{y}^{(k)})^T \mathbf{s}^{(k)}} - \frac{\mathbf{A}^{(k)}\mathbf{s}^{(k)}(\mathbf{s}^{(k)})^T \mathbf{A}^{(k)}}{(\mathbf{s}^{(k)})^T \mathbf{A}^{(k)}\mathbf{s}^{(k)}}$
Which Quasi-Newton update is generally considered the best performing method for approximating the Hessian?,The BFGS update.
Under what condition will the BFGS update generate a positive definite $\mathbf{A}^{(k+1)}$ if $\mathbf{A}^{(k)}$ is positive definite?,The condition $(\mathbf{y}^{(k)})^T \mathbf{s}^{(k)} > 0$ must be satisfied.
"As the iterates $\mathbf{p}^{(k)}$ approach a point $\mathbf{p}$ where $f''(\mathbf{p})$ is positive definite, how does the term $(\mathbf{y}^{(k)})^T \mathbf{s}^{(k)}$ behave?","It becomes positive, ensuring the BFGS update is well-defined and positive definite."
"To avoid solving linear systems, Quasi-Newton methods often use a recursion for which matrix?","The inverse of the Hessian approximation, $\mathbf{B}^{(k)} = (\mathbf{A}^{(k)})^{-1}$."
Formula: Recursive update for the inverse matrix $\mathbf{B}^{(k+1)}$ in the BFGS method,$\mathbf{B}^{(k+1)} = \mathbf{B}^{(k)} + (1 + \frac{(\mathbf{y}^{(k)})^T \mathbf{B}^{(k)} \mathbf{y}^{(k)}}{(\mathbf{s}^{(k)})^T \mathbf{y}^{(k)}}) \frac{\mathbf{s}^{(k)}(\mathbf{s}^{(k)})^T}{(\mathbf{s}^{(k)})^T \mathbf{y}^{(k)}} - \frac{\mathbf{s}^{(k)}(\mathbf{y}^{(k)})^T \mathbf{B}^{(k)} + \mathbf{B}^{(k)}\mathbf{y}^{(k)}(\mathbf{s}^{(k)})^T}{(\mathbf{s}^{(k)})^T \mathbf{y}^{(k)}}$
"When using the inverse Hessian approximation $\mathbf{B}^{(k)}$, how is the step vector $\mathbf{s}^{(k)}$ calculated?",$\mathbf{s}^{(k)} = -\mathbf{B}^{(k)} f'(\mathbf{p}^{(k)})$
What does the acronym 'DFP' stand for in Quasi-Newton methods?,Davidon-Fletcher-Powell.
How does the starting point for the DFP derivation differ from the BFGS derivation?,DFP starts from the inverse secant equation $(\mathbf{M}^{(k+1)})^{-1} \mathbf{y}^{(k)} = \mathbf{v}^{(k)}$.
Formula: DFP update for the Hessian approximation $\mathbf{A}^{(k+1)}$,$\mathbf{A}^{(k+1)} = \mathbf{A}^{(k)} + \frac{(\mathbf{y}^{(k)} - \mathbf{A}^{(k)}\mathbf{s}^{(k)})(\mathbf{y}^{(k)})^T + \mathbf{y}^{(k)}(\mathbf{y}^{(k)} - \mathbf{A}^{(k)}\mathbf{s}^{(k)})^T}{(\mathbf{y}^{(k)})^T \mathbf{s}^{(k)}} - \frac{(\mathbf{y}^{(k)} - \mathbf{A}^{(k)}\mathbf{s}^{(k)})^T \mathbf{s}^{(k)}}{((\mathbf{y}^{(k)})^T \mathbf{s}^{(k)})^2} \mathbf{y}^{(k)}(\mathbf{y}^{(k)})^T$
Formula: Recursive update for the inverse matrix $(\mathbf{A}^{(k+1)})^{-1}$ in the DFP method,$(\mathbf{A}^{(k+1)})^{-1} = (\mathbf{A}^{(k)})^{-1} + \frac{\mathbf{s}^{(k)}(\mathbf{s}^{(k)})^T}{(\mathbf{s}^{(k)})^T \mathbf{y}^{(k)}} - \frac{(\mathbf{A}^{(k)})^{-1} \mathbf{y}^{(k)}(\mathbf{y}^{(k)})^T (\mathbf{A}^{(k)})^{-1}}{(\mathbf{y}^{(k)})^T (\mathbf{A}^{(k)})^{-1} \mathbf{y}^{(k)}}$
What is a recommended choice for the initial matrix $\mathbf{A}^{(0)}$ in BFGS or DFP iterations?,The exact Hessian $f''(\mathbf{p}^{(0)})$ or its numerical difference approximation.
Which two Quasi-Newton methods mentioned in the text exhibit similar rapid convergence speeds in the provided examples?,The BFGS and DFP updates.
The problem of finding $\mathbf{A}^{(k+1)}$ that satisfies $\mathbf{A}^{(k+1)}\mathbf{s}^{(k)} = \mathbf{y}^{(k)}$ is known as solving the \_\_\_\_\_ equation.,Secant
"Cloze: In the BFGS update, if the condition $(\mathbf{y}^{(k)})^T \mathbf{s}^{(k)} > 0$ is not met, the new matrix $\mathbf{A}^{(k+1)}$ is only guaranteed to be \_\_\_\_\_.",Positive semidefinite
Why is it important for $\mathbf{A}^{(k)}$ to be positive definite during minimization?,To ensure the local quadratic approximation $g(\mathbf{x})$ has a unique minimum.
"Process: In Quasi-Newton methods, the step from $\mathbf{p}^{(k)}$ to $\mathbf{p}^{(k+1)}$ is determined by solving what linear system?",$\mathbf{A}^{(k)} \mathbf{s}^{(k)} = -f'(\mathbf{p}^{(k)})$
"According to the text, what is the main advantage of Quasi-Newton methods over the classical Newton's method?",They do not require the computation of the exact Hessian matrix at each step.
Term: Frobenius Norm,"Definition: A matrix norm defined as the square root of the sum of the squares of all matrix elements, used to find the 'closest' symmetric matrix."
"In the derivation of the BFGS update, the matrix $\mathbf{M}^{(k+1)}$ is chosen to satisfy $\mathbf{M}^{(k+1)}\mathbf{z} = \mathbf{M}^{(k)}\mathbf{z}$ for all vectors $\mathbf{z}$ that meet what geometric condition?",$\mathbf{z}$ is orthogonal to $\mathbf{v}^{(k)}$ ($\mathbf{z} \perp \mathbf{v}^{(k)}$).
Formula: Numerical approximation of the second partial derivative $a_{ij}^{(k)}$,$a_{ij}^{(k)} = \frac{1}{h^2}(f(\mathbf{p}^{(k)} + h\mathbf{e}^{(i)} + h\mathbf{e}^{(j)}) - f(\mathbf{p}^{(k)} + h\mathbf{e}^{(i)}) - f(\mathbf{p}^{(k)} + h\mathbf{e}^{(j)}) + f(\mathbf{p}^{(k)}))$
The derivation of the DFP update is considered analogous to the derivation of which other update?,The BFGS update.
"For the BFGS update, what is the relationship between the iterates $\mathbf{p}^{(k)}$ and the target minimum $\mathbf{p}$ to guarantee existence of $\varepsilon$ and $\delta$ for convergence?",$\mathbf{p}^{(0)}$ must be sufficiently close to $\mathbf{p}$ and $\mathbf{A}^{(0)}$ sufficiently close to $f''(\mathbf{p})$.
Cloze: The matrix $\mathbf{M}^{(k+1)}$ in the BFGS derivation is proven to be \_\_\_\_\_ if the condition $(\mathbf{y}^{(k)})^T \mathbf{s}^{(k)} > 0$ holds.,Invertible
True or False: The PSB update formula generates a symmetric matrix even if the initial matrix $\mathbf{A}^{(k)}$ was not symmetric.,False (The derivation assumes $\mathbf{A}^{(k)}$ is symmetric to produce a symmetric $\mathbf{A}^{(k+1)}$).
"In the context of the BFGS inverse update, what does the matrix $\mathbf{B}^{(k)}$ represent?","The approximation of the inverse Hessian, $(\mathbf{A}^{(k)})^{-1}$."
The variable $\alpha^2$ in the BFGS derivation is defined as the ratio of which two scalar products?,$\frac{(\mathbf{s}^{(k)})^T \mathbf{A}^{(k)}\mathbf{s}^{(k)}}{(\mathbf{y}^{(k)})^T \mathbf{s}^{(k)}}$
Which update formula was historically established first: BFGS or DFP?,"DFP (Davidon 1959, Fletcher and Powell 1963; BFGS was 1970)."
How many function evaluations are needed for the gradient numerical approximation $v_i^{(k)}$ alone?,$n$ evaluations (plus one at the base point).
What is the primary motivation for the 'Correction Iteration' that leads to the PSB update?,To find a matrix that is both symmetric and satisfies the secant equation.
Does the BFGS update require the matrix $\mathbf{M}^{(k)}$ to be lower triangular?,"No, it only requires $\mathbf{M}^{(k)}$ to be invertible."
"In the example tables, what does the column labeled $\frac{\|\mathbf{p}^{(k)} - \mathbf{p}\|_2}{\|\mathbf{p}^{(k-1)} - \mathbf{p}\|_2}$ represent?","The ratio of consecutive errors, used to observe the convergence rate."
Concept: Secant Equation consistency,"If $\mathbf{A}^{(k+1)}$ satisfies the secant equation, then $\mathbf{s}^{(k)}$ is an eigenvector of $(\mathbf{A}^{(k+1)})^{-1} \mathbf{A}^{(k+1)}$ with eigenvalue 1."
Formula: The value $\mathbf{v}^{(k)}$ used to construct the BFGS update $\mathbf{M}^{(k+1)}$,$\mathbf{v}^{(k)} = (\frac{(\mathbf{y}^{(k)})^T \mathbf{s}^{(k)}}{(\mathbf{s}^{(k)})^T \mathbf{A}^{(k)}\mathbf{s}^{(k)}})^{1/2} (\mathbf{M}^{(k)})^T \mathbf{s}^{(k)}$